<?xml version="1.0"?>
<queXF>
  <questionnaire>
    <id>981966</id>
    <section id="1">
      <label>Flag</label>
      <title>Section A</title>
    </section>
    <section id="2">
      <label>q1</label>
      <title>Section B</title>
    </section>
    <section id="3">
      <label>q2</label>
      <title>Section C</title>
    </section>
    <section id="4">
      <label>end</label>
      <title>Section D</title>
    </section>
    <page>
      <id>98196601</id>
      <tlx>168</tlx>
      <tly>168</tly>
      <trx>2312</trx>
      <try>168</try>
      <brx>2312</brx>
      <bry>3340</bry>
      <blx>168</blx>
      <bly>3340</bly>
      <rotation>0</rotation>
      <boxgroup>
        <type>3</type>
        <width>24</width>
        <varname>user</varname>
        <sortorder>1</sortorder>
        <label></label>
        <groupsection idref="1"/>
        <box>
          <tlx>353</tlx>
          <tly>446</tly>
          <brx>424</brx>
          <bry>541</bry>
          <value></value>
          <label></label>
        </box>
        <box>
          <tlx>426</tlx>
          <tly>446</tly>
          <brx>497</brx>
          <bry>541</bry>
          <value></value>
          <label></label>
        </box>
        <box>
          <tlx>498</tlx>
          <tly>446</tly>
          <brx>569</brx>
          <bry>541</bry>
          <value></value>
          <label></label>
        </box>
        <box>
          <tlx>571</tlx>
          <tly>446</tly>
          <brx>642</brx>
          <bry>541</bry>
          <value></value>
          <label></label>
        </box>
        <box>
          <tlx>644</tlx>
          <tly>446</tly>
          <brx>715</brx>
          <bry>541</bry>
          <value></value>
          <label></label>
        </box>
        <box>
          <tlx>716</tlx>
          <tly>446</tly>
          <brx>787</brx>
          <bry>541</bry>
          <value></value>
          <label></label>
        </box>
        <box>
          <tlx>789</tlx>
          <tly>446</tly>
          <brx>860</brx>
          <bry>541</bry>
          <value></value>
          <label></label>
        </box>
        <box>
          <tlx>862</tlx>
          <tly>446</tly>
          <brx>932</brx>
          <bry>541</bry>
          <value></value>
          <label></label>
        </box>
        <box>
          <tlx>934</tlx>
          <tly>446</tly>
          <brx>1005</brx>
          <bry>541</bry>
          <value></value>
          <label></label>
        </box>
        <box>
          <tlx>1007</tlx>
          <tly>446</tly>
          <brx>1078</brx>
          <bry>541</bry>
          <value></value>
          <label></label>
        </box>
        <box>
          <tlx>1080</tlx>
          <tly>446</tly>
          <brx>1150</brx>
          <bry>541</bry>
          <value></value>
          <label></label>
        </box>
        <box>
          <tlx>1152</tlx>
          <tly>446</tly>
          <brx>1223</brx>
          <bry>541</bry>
          <value></value>
          <label></label>
        </box>
        <box>
          <tlx>1225</tlx>
          <tly>446</tly>
          <brx>1296</brx>
          <bry>541</bry>
          <value></value>
          <label></label>
        </box>
        <box>
          <tlx>1297</tlx>
          <tly>446</tly>
          <brx>1368</brx>
          <bry>541</bry>
          <value></value>
          <label></label>
        </box>
        <box>
          <tlx>1370</tlx>
          <tly>446</tly>
          <brx>1441</brx>
          <bry>541</bry>
          <value></value>
          <label></label>
        </box>
        <box>
          <tlx>1443</tlx>
          <tly>446</tly>
          <brx>1514</brx>
          <bry>541</bry>
          <value></value>
          <label></label>
        </box>
        <box>
          <tlx>1515</tlx>
          <tly>446</tly>
          <brx>1586</brx>
          <bry>541</bry>
          <value></value>
          <label></label>
        </box>
        <box>
          <tlx>1588</tlx>
          <tly>446</tly>
          <brx>1659</brx>
          <bry>541</bry>
          <value></value>
          <label></label>
        </box>
        <box>
          <tlx>1661</tlx>
          <tly>446</tly>
          <brx>1731</brx>
          <bry>541</bry>
          <value></value>
          <label></label>
        </box>
        <box>
          <tlx>1733</tlx>
          <tly>446</tly>
          <brx>1804</brx>
          <bry>541</bry>
          <value></value>
          <label></label>
        </box>
        <box>
          <tlx>1806</tlx>
          <tly>446</tly>
          <brx>1877</brx>
          <bry>541</bry>
          <value></value>
          <label></label>
        </box>
        <box>
          <tlx>1879</tlx>
          <tly>446</tly>
          <brx>1949</brx>
          <bry>541</bry>
          <value></value>
          <label></label>
        </box>
        <box>
          <tlx>1951</tlx>
          <tly>446</tly>
          <brx>2022</brx>
          <bry>541</bry>
          <value></value>
          <label></label>
        </box>
        <box>
          <tlx>2024</tlx>
          <tly>446</tly>
          <brx>2095</brx>
          <bry>541</bry>
          <value></value>
          <label></label>
        </box>
      </boxgroup>
      <boxgroup>
        <type>1</type>
        <width>1</width>
        <varname>q1statusreviewer</varname>
        <sortorder>2</sortorder>
        <label>Current status of question '&lt;em&gt;{q1researcher.question}&lt;/em&gt;': &#xD;
&#xD;
  $(document).ready(function()&#xD;
&#xD;
  {&#xD;
     var user = '{user.shown}';&#xD;
     if(user == '2')&#xD;
     {&#xD;
        $('#question{self.qid}').show();&#xD;
     }&#xD;
else&#xD;
{&#xD;
   $('#question{self.qid}').hide();&#xD;
}&#xD;
&#xD;
  }); : </label>
        <groupsection idref="2"/>
        <box>
          <tlx>1967</tlx>
          <tly>1063</tly>
          <brx>2026</brx>
          <bry>1122</bry>
          <value>1</value>
          <label>not reviewed</label>
        </box>
        <box>
          <tlx>1967</tlx>
          <tly>1169</tly>
          <brx>2026</brx>
          <bry>1228</bry>
          <value>2</value>
          <label>rejected by reviewer</label>
        </box>
        <box>
          <tlx>1967</tlx>
          <tly>1275</tly>
          <brx>2026</brx>
          <bry>1334</bry>
          <value>3</value>
          <label>rejected by supervisor</label>
        </box>
        <box>
          <tlx>1967</tlx>
          <tly>1381</tly>
          <brx>2026</brx>
          <bry>1440</bry>
          <value>4</value>
          <label>accepted by reviewer</label>
        </box>
        <box>
          <tlx>1967</tlx>
          <tly>1488</tly>
          <brx>2026</brx>
          <bry>1547</bry>
          <value>5</value>
          <label>accepted by supervisor</label>
        </box>
      </boxgroup>
      <boxgroup>
        <type>1</type>
        <width>1</width>
        <varname>q1statussupervisor</varname>
        <sortorder>3</sortorder>
        <label>Current status of question '&lt;em&gt;{q1researcher.question}&lt;/em&gt;': &#xD;
&#xD;
  $(document).ready(function()&#xD;
&#xD;
  {&#xD;
     var user = '{user.shown}';&#xD;
     if(user == '3')&#xD;
     {&#xD;
        $('#question{self.qid}').show();&#xD;
     }&#xD;
else&#xD;
{&#xD;
   $('#question{self.qid}').hide();&#xD;
}&#xD;
&#xD;
  }); : </label>
        <groupsection idref="2"/>
        <box>
          <tlx>1967</tlx>
          <tly>1856</tly>
          <brx>2026</brx>
          <bry>1915</bry>
          <value>1</value>
          <label>not reviewed</label>
        </box>
        <box>
          <tlx>1967</tlx>
          <tly>1962</tly>
          <brx>2026</brx>
          <bry>2021</bry>
          <value>2</value>
          <label>rejected by reviewer</label>
        </box>
        <box>
          <tlx>1967</tlx>
          <tly>2068</tly>
          <brx>2026</brx>
          <bry>2127</bry>
          <value>3</value>
          <label>rejected by supervisor</label>
        </box>
        <box>
          <tlx>1967</tlx>
          <tly>2175</tly>
          <brx>2026</brx>
          <bry>2234</bry>
          <value>4</value>
          <label>accepted by reviewer</label>
        </box>
        <box>
          <tlx>1967</tlx>
          <tly>2281</tly>
          <brx>2026</brx>
          <bry>2340</bry>
          <value>5</value>
          <label>accepted by supervisor</label>
        </box>
      </boxgroup>
      <boxgroup>
        <type>6</type>
        <width>1024</width>
        <varname>q1researcher</varname>
        <sortorder>4</sortorder>
        <label>RESEARCHER: What do you think about corruption in&#xA0;{TOKEN:ATTRIBUTE_1}?&#xA0;{user.shown}';
     if(user == '1')
     {
        
     }
else
{
   $('#question{self.qid}').hide();
}

  });</label>
        <groupsection idref="2"/>
        <box>
          <tlx>337</tlx>
          <tly>2563</tly>
          <brx>2073</brx>
          <bry>3035</bry>
          <value></value>
          <label></label>
        </box>
      </boxgroup>
    </page>
    <page>
      <id>98196602</id>
      <tlx>168</tlx>
      <tly>168</tly>
      <trx>2312</trx>
      <try>168</try>
      <brx>2312</brx>
      <bry>3340</bry>
      <blx>168</blx>
      <bly>3340</bly>
      <rotation>0</rotation>
      <boxgroup>
        <type>6</type>
        <width>1024</width>
        <varname>q1reviewer</varname>
        <sortorder>5</sortorder>
        <label>&lt;p&gt;&#xD;
	REVIEWER: What do you think about corruption in '{TOKEN:ATTRIBUTE_1}'?&lt;/p&gt;&#xD;
&lt;p&gt;&#xD;
	Answer Researcher: {q1researcher.NAOK}&lt;/p&gt;&#xD;
&#xD;
&#xD;
  $(document).ready(function()&#xD;
&#xD;
  {&#xD;
     var user = '{user.shown}';&#xD;
     if(user == '2')&#xD;
     {&#xD;
        $('#question{self.qid}').show();&#xD;
     }&#xD;
else&#xD;
{&#xD;
   $('#question{self.qid}').hide();&#xD;
}&#xD;
&#xD;
  });</label>
        <groupsection idref="2"/>
        <box>
          <tlx>337</tlx>
          <tly>671</tly>
          <brx>2073</brx>
          <bry>1144</bry>
          <value></value>
          <label></label>
        </box>
      </boxgroup>
      <boxgroup>
        <type>6</type>
        <width>1024</width>
        <varname>q1supervisor</varname>
        <sortorder>6</sortorder>
        <label>&lt;p&gt;&#xD;
	SUPERVISOR: What do you think about corruption in '{TOKEN:ATTRIBUTE_1}'?&lt;/p&gt;&#xD;
&lt;p&gt;&#xD;
	Answer Researcher: {q1researcher.NAOK}&lt;/p&gt;&#xD;
&lt;p&gt;&#xD;
	Answer Reviewer: {q1reviewer.NAOK}&lt;/p&gt;&#xD;
&#xD;
&#xD;
  $(document).ready(function()&#xD;
&#xD;
  {&#xD;
     var user = '{user.shown}';&#xD;
     if(user == '3')&#xD;
     {&#xD;
        $('#question{self.qid}').show();&#xD;
     }&#xD;
else&#xD;
{&#xD;
   $('#question{self.qid}').hide();&#xD;
}&#xD;
&#xD;
  });</label>
        <groupsection idref="2"/>
        <box>
          <tlx>337</tlx>
          <tly>1781</tly>
          <brx>2073</brx>
          <bry>2253</bry>
          <value></value>
          <label></label>
        </box>
      </boxgroup>
      <boxgroup>
        <type>6</type>
        <width>1024</width>
        <varname>q1history</varname>
        <sortorder>7</sortorder>
        <label>Comment history</label>
        <groupsection idref="2"/>
        <box>
          <tlx>337</tlx>
          <tly>2327</tly>
          <brx>2073</brx>
          <bry>3272</bry>
          <value></value>
          <label></label>
        </box>
      </boxgroup>
    </page>
    <page>
      <id>98196603</id>
      <tlx>168</tlx>
      <tly>168</tly>
      <trx>2312</trx>
      <try>168</try>
      <brx>2312</brx>
      <bry>3340</bry>
      <blx>168</blx>
      <bly>3340</bly>
      <rotation>0</rotation>
      <boxgroup>
        <type>6</type>
        <width>1024</width>
        <varname>q1researchercomment</varname>
        <sortorder>8</sortorder>
        <label>RESEARCHER: Comment on answer to question '&lt;em&gt;{q1researcher.question}&lt;/em&gt;':&#xD;
&#xD;
&#xD;
  $(document).ready(function()&#xD;
&#xD;
  {&#xD;
     var user = '{user.shown}';&#xD;
     if(user == '1')&#xD;
     {&#xD;
        &#xD;
     }&#xD;
else&#xD;
{&#xD;
   $('#question{self.qid}').hide();&#xD;
}&#xD;
&#xD;
  });</label>
        <groupsection idref="2"/>
        <box>
          <tlx>337</tlx>
          <tly>421</tly>
          <brx>2073</brx>
          <bry>894</bry>
          <value></value>
          <label></label>
        </box>
      </boxgroup>
      <boxgroup>
        <type>6</type>
        <width>1024</width>
        <varname>q1reviewercomment</varname>
        <sortorder>9</sortorder>
        <label>REVIEWER: Comment on answer to question '&lt;em&gt;{q1researcher.question}&lt;/em&gt;': &#xD;
&#xD;
  $(document).ready(function()&#xD;
&#xD;
  {&#xD;
     var user = '{user.shown}';&#xD;
     if(user == '2')&#xD;
     {&#xD;
        $('#question{self.qid}').show();&#xD;
     }&#xD;
else&#xD;
{&#xD;
   $('#question{self.qid}').hide();&#xD;
}&#xD;
&#xD;
  });</label>
        <groupsection idref="2"/>
        <box>
          <tlx>337</tlx>
          <tly>1156</tly>
          <brx>2073</brx>
          <bry>1628</bry>
          <value></value>
          <label></label>
        </box>
      </boxgroup>
      <boxgroup>
        <type>6</type>
        <width>1024</width>
        <varname>q1supervisorcomment</varname>
        <sortorder>10</sortorder>
        <label>SUPERVISOR: Comment on answer to question '&lt;em&gt;{q1researcher.question}&lt;/em&gt;': &#xD;
&#xD;
  $(document).ready(function()&#xD;
&#xD;
  {&#xD;
     var user = '{user.shown}';&#xD;
     if(user == '3')&#xD;
     {&#xD;
        $('#question{self.qid}').show();&#xD;
     }&#xD;
else&#xD;
{&#xD;
   $('#question{self.qid}').hide();&#xD;
}&#xD;
&#xD;
  });</label>
        <groupsection idref="2"/>
        <box>
          <tlx>337</tlx>
          <tly>1890</tly>
          <brx>2073</brx>
          <bry>2362</bry>
          <value></value>
          <label></label>
        </box>
      </boxgroup>
      <boxgroup>
        <type>6</type>
        <width>1024</width>
        <varname>q1researchernote</varname>
        <sortorder>11</sortorder>
        <label>RESEARCHER: Your notes for question '&lt;em&gt;{q1researcher.question}&lt;/em&gt;':&#xD;
&#xD;
&#xD;
  $(document).ready(function()&#xD;
&#xD;
  {&#xD;
     var user = '{user.shown}';&#xD;
     if(user == '1')&#xD;
     {&#xD;
        &#xD;
     }&#xD;
else&#xD;
{&#xD;
   $('#question{self.qid}').hide();&#xD;
}&#xD;
&#xD;
  });</label>
        <groupsection idref="2"/>
        <box>
          <tlx>337</tlx>
          <tly>2562</tly>
          <brx>2073</brx>
          <bry>3034</bry>
          <value></value>
          <label></label>
        </box>
      </boxgroup>
    </page>
    <page>
      <id>98196604</id>
      <tlx>168</tlx>
      <tly>168</tly>
      <trx>2312</trx>
      <try>168</try>
      <brx>2312</brx>
      <bry>3340</bry>
      <blx>168</blx>
      <bly>3340</bly>
      <rotation>0</rotation>
      <boxgroup>
        <type>6</type>
        <width>1024</width>
        <varname>q1reviewernote</varname>
        <sortorder>12</sortorder>
        <label>REVIEWER: Your notes for question '&lt;em&gt;{q1researcher.question}&lt;/em&gt;': &#xD;
&#xD;
  $(document).ready(function()&#xD;
&#xD;
  {&#xD;
     var user = '{user.shown}';&#xD;
     if(user == '2')&#xD;
     {&#xD;
        $('#question{self.qid}').show();&#xD;
     }&#xD;
else&#xD;
{&#xD;
   $('#question{self.qid}').hide();&#xD;
}&#xD;
&#xD;
  });</label>
        <groupsection idref="2"/>
        <box>
          <tlx>337</tlx>
          <tly>421</tly>
          <brx>2073</brx>
          <bry>894</bry>
          <value></value>
          <label></label>
        </box>
      </boxgroup>
      <boxgroup>
        <type>6</type>
        <width>1024</width>
        <varname>q1supervisornote</varname>
        <sortorder>13</sortorder>
        <label>SUPERVISOR: Your notes for question '&lt;em&gt;{q1researcher.question}&lt;/em&gt;': &#xD;
&#xD;
  $(document).ready(function()&#xD;
&#xD;
  {&#xD;
     var user = '{user.shown}';&#xD;
     if(user == '3')&#xD;
     {&#xD;
        $('#question{self.qid}').show();&#xD;
     }&#xD;
else&#xD;
{&#xD;
   $('#question{self.qid}').hide();&#xD;
}&#xD;
&#xD;
  });</label>
        <groupsection idref="2"/>
        <box>
          <tlx>337</tlx>
          <tly>1156</tly>
          <brx>2073</brx>
          <bry>1628</bry>
          <value></value>
          <label></label>
        </box>
      </boxgroup>
      <boxgroup>
        <type>1</type>
        <width>1</width>
        <varname>q2statusreviewer</varname>
        <sortorder>14</sortorder>
        <label>Current status of question '&lt;em&gt;{q2researcher.question}&lt;/em&gt;': &#xD;
&#xD;
  $(document).ready(function()&#xD;
&#xD;
  {&#xD;
     var user = '{user.shown}';&#xD;
     if(user == '2')&#xD;
     {&#xD;
        $('#question{self.qid}').show();&#xD;
     }&#xD;
else&#xD;
{&#xD;
   $('#question{self.qid}').hide();&#xD;
}&#xD;
&#xD;
  }); : </label>
        <groupsection idref="3"/>
        <box>
          <tlx>1967</tlx>
          <tly>2126</tly>
          <brx>2026</brx>
          <bry>2185</bry>
          <value>1</value>
          <label>not reviewed</label>
        </box>
        <box>
          <tlx>1967</tlx>
          <tly>2232</tly>
          <brx>2026</brx>
          <bry>2291</bry>
          <value>2</value>
          <label>rejected by reviewer</label>
        </box>
        <box>
          <tlx>1967</tlx>
          <tly>2339</tly>
          <brx>2026</brx>
          <bry>2398</bry>
          <value>3</value>
          <label>rejected by supervisor</label>
        </box>
        <box>
          <tlx>1967</tlx>
          <tly>2445</tly>
          <brx>2026</brx>
          <bry>2504</bry>
          <value>4</value>
          <label>accepted by reviewer</label>
        </box>
        <box>
          <tlx>1967</tlx>
          <tly>2551</tly>
          <brx>2026</brx>
          <bry>2610</bry>
          <value>5</value>
          <label>accepted by supervisor</label>
        </box>
      </boxgroup>
    </page>
    <page>
      <id>98196605</id>
      <tlx>168</tlx>
      <tly>168</tly>
      <trx>2312</trx>
      <try>168</try>
      <brx>2312</brx>
      <bry>3340</bry>
      <blx>168</blx>
      <bly>3340</bly>
      <rotation>0</rotation>
      <boxgroup>
        <type>1</type>
        <width>1</width>
        <varname>q2statussupervisor</varname>
        <sortorder>15</sortorder>
        <label>Current status of question '&lt;em&gt;{q2researcher.question}&lt;/em&gt;': &#xD;
&#xD;
  $(document).ready(function()&#xD;
&#xD;
  {&#xD;
     var user = '{user.shown}';&#xD;
     if(user == '3')&#xD;
     {&#xD;
        $('#question{self.qid}').show();&#xD;
     }&#xD;
else&#xD;
{&#xD;
   $('#question{self.qid}').hide();&#xD;
}&#xD;
&#xD;
  }); : </label>
        <groupsection idref="3"/>
        <box>
          <tlx>1967</tlx>
          <tly>445</tly>
          <brx>2026</brx>
          <bry>504</bry>
          <value>1</value>
          <label>not reviewed</label>
        </box>
        <box>
          <tlx>1967</tlx>
          <tly>551</tly>
          <brx>2026</brx>
          <bry>610</bry>
          <value>2</value>
          <label>rejected by reviewer</label>
        </box>
        <box>
          <tlx>1967</tlx>
          <tly>657</tly>
          <brx>2026</brx>
          <bry>717</bry>
          <value>3</value>
          <label>rejected by supervisor</label>
        </box>
        <box>
          <tlx>1967</tlx>
          <tly>764</tly>
          <brx>2026</brx>
          <bry>823</bry>
          <value>4</value>
          <label>accepted by reviewer</label>
        </box>
        <box>
          <tlx>1967</tlx>
          <tly>870</tly>
          <brx>2026</brx>
          <bry>929</bry>
          <value>5</value>
          <label>accepted by supervisor</label>
        </box>
      </boxgroup>
      <boxgroup>
        <type>1</type>
        <width>5</width>
        <varname>q2researcher</varname>
        <sortorder>16</sortorder>
        <label>&lt;p&gt;&#xD;
	RESEARCHER - Country: '{TOKEN:ATTRIBUTE_1}'?&lt;/p&gt;&#xD;
&lt;p&gt;&#xD;
	Does legislation require that mining, gas and oil development projects prepare an environmental impact assessment prior to the award of any mineral rights or project implementation?&lt;/p&gt;&#xD;
&#xD;
&#xD;
  $(document).ready(function()&#xD;
&#xD;
  {&#xD;
     var user = '{user.shown}';&#xD;
     if(user == '1')&#xD;
     {&#xD;
        &#xD;
     }&#xD;
else&#xD;
{&#xD;
   $('#question{self.qid}').hide();&#xD;
}&#xD;
&#xD;
  }); : </label>
        <groupsection idref="3"/>
        <box>
          <tlx>1967</tlx>
          <tly>1488</tly>
          <brx>2026</brx>
          <bry>1547</bry>
          <value>1</value>
          <label>Yes. Legislation requires elaboration of an environmental impact assessment prior to the award of any mineral rights or project implementation.</label>
        </box>
        <box>
          <tlx>1967</tlx>
          <tly>1594</tly>
          <brx>2026</brx>
          <bry>1654</bry>
          <value>2</value>
          <label>No. Legislation does not require preparation of an environmental impact assessment for mining, gas and oil projects.</label>
        </box>
        <box>
          <tlx>1967</tlx>
          <tly>1677</tly>
          <brx>2026</brx>
          <bry>1736</bry>
          <value>-oth-</value>
          <label>Not applicable/Other. (Please explain.)</label>
        </box>
      </boxgroup>
      <boxgroup>
        <type>3</type>
        <width>24</width>
        <varname>q2researcherother</varname>
        <sortorder>17</sortorder>
        <label>Not applicable/Other. (Please explain.)</label>
        <groupsection idref="3"/>
        <box>
          <tlx>353</tlx>
          <tly>1846</tly>
          <brx>424</brx>
          <bry>1940</bry>
          <value></value>
          <label></label>
        </box>
        <box>
          <tlx>426</tlx>
          <tly>1846</tly>
          <brx>497</brx>
          <bry>1940</bry>
          <value></value>
          <label></label>
        </box>
        <box>
          <tlx>498</tlx>
          <tly>1846</tly>
          <brx>569</brx>
          <bry>1940</bry>
          <value></value>
          <label></label>
        </box>
        <box>
          <tlx>571</tlx>
          <tly>1846</tly>
          <brx>642</brx>
          <bry>1940</bry>
          <value></value>
          <label></label>
        </box>
        <box>
          <tlx>644</tlx>
          <tly>1846</tly>
          <brx>715</brx>
          <bry>1940</bry>
          <value></value>
          <label></label>
        </box>
        <box>
          <tlx>716</tlx>
          <tly>1846</tly>
          <brx>787</brx>
          <bry>1940</bry>
          <value></value>
          <label></label>
        </box>
        <box>
          <tlx>789</tlx>
          <tly>1846</tly>
          <brx>860</brx>
          <bry>1940</bry>
          <value></value>
          <label></label>
        </box>
        <box>
          <tlx>862</tlx>
          <tly>1846</tly>
          <brx>932</brx>
          <bry>1940</bry>
          <value></value>
          <label></label>
        </box>
        <box>
          <tlx>934</tlx>
          <tly>1846</tly>
          <brx>1005</brx>
          <bry>1940</bry>
          <value></value>
          <label></label>
        </box>
        <box>
          <tlx>1007</tlx>
          <tly>1846</tly>
          <brx>1078</brx>
          <bry>1940</bry>
          <value></value>
          <label></label>
        </box>
        <box>
          <tlx>1080</tlx>
          <tly>1846</tly>
          <brx>1150</brx>
          <bry>1940</bry>
          <value></value>
          <label></label>
        </box>
        <box>
          <tlx>1152</tlx>
          <tly>1846</tly>
          <brx>1223</brx>
          <bry>1940</bry>
          <value></value>
          <label></label>
        </box>
        <box>
          <tlx>1225</tlx>
          <tly>1846</tly>
          <brx>1296</brx>
          <bry>1940</bry>
          <value></value>
          <label></label>
        </box>
        <box>
          <tlx>1297</tlx>
          <tly>1846</tly>
          <brx>1368</brx>
          <bry>1940</bry>
          <value></value>
          <label></label>
        </box>
        <box>
          <tlx>1370</tlx>
          <tly>1846</tly>
          <brx>1441</brx>
          <bry>1940</bry>
          <value></value>
          <label></label>
        </box>
        <box>
          <tlx>1443</tlx>
          <tly>1846</tly>
          <brx>1514</brx>
          <bry>1940</bry>
          <value></value>
          <label></label>
        </box>
        <box>
          <tlx>1515</tlx>
          <tly>1846</tly>
          <brx>1586</brx>
          <bry>1940</bry>
          <value></value>
          <label></label>
        </box>
        <box>
          <tlx>1588</tlx>
          <tly>1846</tly>
          <brx>1659</brx>
          <bry>1940</bry>
          <value></value>
          <label></label>
        </box>
        <box>
          <tlx>1661</tlx>
          <tly>1846</tly>
          <brx>1731</brx>
          <bry>1940</bry>
          <value></value>
          <label></label>
        </box>
        <box>
          <tlx>1733</tlx>
          <tly>1846</tly>
          <brx>1804</brx>
          <bry>1940</bry>
          <value></value>
          <label></label>
        </box>
        <box>
          <tlx>1806</tlx>
          <tly>1846</tly>
          <brx>1877</brx>
          <bry>1940</bry>
          <value></value>
          <label></label>
        </box>
        <box>
          <tlx>1879</tlx>
          <tly>1846</tly>
          <brx>1949</brx>
          <bry>1940</bry>
          <value></value>
          <label></label>
        </box>
        <box>
          <tlx>1951</tlx>
          <tly>1846</tly>
          <brx>2022</brx>
          <bry>1940</bry>
          <value></value>
          <label></label>
        </box>
        <box>
          <tlx>2024</tlx>
          <tly>1846</tly>
          <brx>2095</brx>
          <bry>1940</bry>
          <value></value>
          <label></label>
        </box>
      </boxgroup>
      <boxgroup>
        <type>1</type>
        <width>5</width>
        <varname>q2reviewer</varname>
        <sortorder>18</sortorder>
        <label>&lt;p&gt;&#xD;
	REVIEWER - Country: '{TOKEN:ATTRIBUTE_1}'?&lt;/p&gt;&#xD;
&lt;p&gt;&#xD;
	Does legislation require that mining, gas and oil development projects prepare an environmental impact assessment prior to the award of any mineral rights or project implementation?&lt;/p&gt;&#xD;
&lt;p&gt;&#xD;
	Answer Researcher: {q2researcher.NAOK}&lt;/p&gt;&#xD;
&#xD;
&#xD;
  $(document).ready(function()&#xD;
&#xD;
  {&#xD;
     var user = '{user.shown}';&#xD;
     if(user == '2')&#xD;
     {&#xD;
        $('#question{self.qid}').show();&#xD;
     }&#xD;
else&#xD;
{&#xD;
   $('#question{self.qid}').hide();&#xD;
}&#xD;
&#xD;
  }); : </label>
        <groupsection idref="3"/>
        <box>
          <tlx>1967</tlx>
          <tly>2687</tly>
          <brx>2026</brx>
          <bry>2746</bry>
          <value>1</value>
          <label>Yes. Legislation requires elaboration of an environmental impact assessment prior to the award of any mineral rights or project implementation.</label>
        </box>
        <box>
          <tlx>1967</tlx>
          <tly>2793</tly>
          <brx>2026</brx>
          <bry>2852</bry>
          <value>2</value>
          <label>No. Legislation does not require preparation of an environmental impact assessment for mining, gas and oil projects.</label>
        </box>
        <box>
          <tlx>1967</tlx>
          <tly>2876</tly>
          <brx>2026</brx>
          <bry>2935</bry>
          <value>-oth-</value>
          <label>Not applicable/Other. (Please explain.)</label>
        </box>
      </boxgroup>
      <boxgroup>
        <type>3</type>
        <width>24</width>
        <varname>q2reviewerother</varname>
        <sortorder>19</sortorder>
        <label>Not applicable/Other. (Please explain.)</label>
        <groupsection idref="3"/>
        <box>
          <tlx>353</tlx>
          <tly>3045</tly>
          <brx>424</brx>
          <bry>3139</bry>
          <value></value>
          <label></label>
        </box>
        <box>
          <tlx>426</tlx>
          <tly>3045</tly>
          <brx>497</brx>
          <bry>3139</bry>
          <value></value>
          <label></label>
        </box>
        <box>
          <tlx>498</tlx>
          <tly>3045</tly>
          <brx>569</brx>
          <bry>3139</bry>
          <value></value>
          <label></label>
        </box>
        <box>
          <tlx>571</tlx>
          <tly>3045</tly>
          <brx>642</brx>
          <bry>3139</bry>
          <value></value>
          <label></label>
        </box>
        <box>
          <tlx>644</tlx>
          <tly>3045</tly>
          <brx>715</brx>
          <bry>3139</bry>
          <value></value>
          <label></label>
        </box>
        <box>
          <tlx>716</tlx>
          <tly>3045</tly>
          <brx>787</brx>
          <bry>3139</bry>
          <value></value>
          <label></label>
        </box>
        <box>
          <tlx>789</tlx>
          <tly>3045</tly>
          <brx>860</brx>
          <bry>3139</bry>
          <value></value>
          <label></label>
        </box>
        <box>
          <tlx>862</tlx>
          <tly>3045</tly>
          <brx>932</brx>
          <bry>3139</bry>
          <value></value>
          <label></label>
        </box>
        <box>
          <tlx>934</tlx>
          <tly>3045</tly>
          <brx>1005</brx>
          <bry>3139</bry>
          <value></value>
          <label></label>
        </box>
        <box>
          <tlx>1007</tlx>
          <tly>3045</tly>
          <brx>1078</brx>
          <bry>3139</bry>
          <value></value>
          <label></label>
        </box>
        <box>
          <tlx>1080</tlx>
          <tly>3045</tly>
          <brx>1150</brx>
          <bry>3139</bry>
          <value></value>
          <label></label>
        </box>
        <box>
          <tlx>1152</tlx>
          <tly>3045</tly>
          <brx>1223</brx>
          <bry>3139</bry>
          <value></value>
          <label></label>
        </box>
        <box>
          <tlx>1225</tlx>
          <tly>3045</tly>
          <brx>1296</brx>
          <bry>3139</bry>
          <value></value>
          <label></label>
        </box>
        <box>
          <tlx>1297</tlx>
          <tly>3045</tly>
          <brx>1368</brx>
          <bry>3139</bry>
          <value></value>
          <label></label>
        </box>
        <box>
          <tlx>1370</tlx>
          <tly>3045</tly>
          <brx>1441</brx>
          <bry>3139</bry>
          <value></value>
          <label></label>
        </box>
        <box>
          <tlx>1443</tlx>
          <tly>3045</tly>
          <brx>1514</brx>
          <bry>3139</bry>
          <value></value>
          <label></label>
        </box>
        <box>
          <tlx>1515</tlx>
          <tly>3045</tly>
          <brx>1586</brx>
          <bry>3139</bry>
          <value></value>
          <label></label>
        </box>
        <box>
          <tlx>1588</tlx>
          <tly>3045</tly>
          <brx>1659</brx>
          <bry>3139</bry>
          <value></value>
          <label></label>
        </box>
        <box>
          <tlx>1661</tlx>
          <tly>3045</tly>
          <brx>1731</brx>
          <bry>3139</bry>
          <value></value>
          <label></label>
        </box>
        <box>
          <tlx>1733</tlx>
          <tly>3045</tly>
          <brx>1804</brx>
          <bry>3139</bry>
          <value></value>
          <label></label>
        </box>
        <box>
          <tlx>1806</tlx>
          <tly>3045</tly>
          <brx>1877</brx>
          <bry>3139</bry>
          <value></value>
          <label></label>
        </box>
        <box>
          <tlx>1879</tlx>
          <tly>3045</tly>
          <brx>1949</brx>
          <bry>3139</bry>
          <value></value>
          <label></label>
        </box>
        <box>
          <tlx>1951</tlx>
          <tly>3045</tly>
          <brx>2022</brx>
          <bry>3139</bry>
          <value></value>
          <label></label>
        </box>
        <box>
          <tlx>2024</tlx>
          <tly>3045</tly>
          <brx>2095</brx>
          <bry>3139</bry>
          <value></value>
          <label></label>
        </box>
      </boxgroup>
    </page>
    <page>
      <id>98196606</id>
      <tlx>168</tlx>
      <tly>168</tly>
      <trx>2312</trx>
      <try>168</try>
      <brx>2312</brx>
      <bry>3340</bry>
      <blx>168</blx>
      <bly>3340</bly>
      <rotation>0</rotation>
      <boxgroup>
        <type>1</type>
        <width>5</width>
        <varname>q2supervisor</varname>
        <sortorder>20</sortorder>
        <label>&lt;p&gt;&#xD;
	SUPERVISOR - Country: '{TOKEN:ATTRIBUTE_1}'?&lt;/p&gt;&#xD;
&lt;p&gt;&#xD;
	Does legislation require that mining, gas and oil development projects prepare an environmental impact assessment prior to the award of any mineral rights or project implementation?&lt;/p&gt;&#xD;
&lt;p&gt;&#xD;
	Answer Researcher: {q2researcher.NAOK}&lt;/p&gt;&#xD;
&lt;p&gt;&#xD;
	Answer Reviewer: {q2reviewer.NAOK}&lt;/p&gt;&#xD;
&#xD;
&#xD;
  $(document).ready(function()&#xD;
&#xD;
  {&#xD;
     var user = '{user.shown}';&#xD;
     if(user == '3')&#xD;
     {&#xD;
        $('#question{self.qid}').show();&#xD;
     }&#xD;
else&#xD;
{&#xD;
   $('#question{self.qid}').hide();&#xD;
}&#xD;
&#xD;
  }); : </label>
        <groupsection idref="3"/>
        <box>
          <tlx>1967</tlx>
          <tly>1007</tly>
          <brx>2026</brx>
          <bry>1066</bry>
          <value>1</value>
          <label>Yes. Legislation requires elaboration of an environmental impact assessment prior to the award of any mineral rights or project implementation.</label>
        </box>
        <box>
          <tlx>1967</tlx>
          <tly>1114</tly>
          <brx>2026</brx>
          <bry>1173</bry>
          <value>2</value>
          <label>No. Legislation does not require preparation of an environmental impact assessment for mining, gas and oil projects.</label>
        </box>
        <box>
          <tlx>1967</tlx>
          <tly>1196</tly>
          <brx>2026</brx>
          <bry>1255</bry>
          <value>-oth-</value>
          <label>Not applicable/Other. (Please explain.)</label>
        </box>
      </boxgroup>
      <boxgroup>
        <type>3</type>
        <width>24</width>
        <varname>q2supervisorother</varname>
        <sortorder>21</sortorder>
        <label>Not applicable/Other. (Please explain.)</label>
        <groupsection idref="3"/>
        <box>
          <tlx>353</tlx>
          <tly>1365</tly>
          <brx>424</brx>
          <bry>1460</bry>
          <value></value>
          <label></label>
        </box>
        <box>
          <tlx>426</tlx>
          <tly>1365</tly>
          <brx>497</brx>
          <bry>1460</bry>
          <value></value>
          <label></label>
        </box>
        <box>
          <tlx>498</tlx>
          <tly>1365</tly>
          <brx>569</brx>
          <bry>1460</bry>
          <value></value>
          <label></label>
        </box>
        <box>
          <tlx>571</tlx>
          <tly>1365</tly>
          <brx>642</brx>
          <bry>1460</bry>
          <value></value>
          <label></label>
        </box>
        <box>
          <tlx>644</tlx>
          <tly>1365</tly>
          <brx>715</brx>
          <bry>1460</bry>
          <value></value>
          <label></label>
        </box>
        <box>
          <tlx>716</tlx>
          <tly>1365</tly>
          <brx>787</brx>
          <bry>1460</bry>
          <value></value>
          <label></label>
        </box>
        <box>
          <tlx>789</tlx>
          <tly>1365</tly>
          <brx>860</brx>
          <bry>1460</bry>
          <value></value>
          <label></label>
        </box>
        <box>
          <tlx>862</tlx>
          <tly>1365</tly>
          <brx>932</brx>
          <bry>1460</bry>
          <value></value>
          <label></label>
        </box>
        <box>
          <tlx>934</tlx>
          <tly>1365</tly>
          <brx>1005</brx>
          <bry>1460</bry>
          <value></value>
          <label></label>
        </box>
        <box>
          <tlx>1007</tlx>
          <tly>1365</tly>
          <brx>1078</brx>
          <bry>1460</bry>
          <value></value>
          <label></label>
        </box>
        <box>
          <tlx>1080</tlx>
          <tly>1365</tly>
          <brx>1150</brx>
          <bry>1460</bry>
          <value></value>
          <label></label>
        </box>
        <box>
          <tlx>1152</tlx>
          <tly>1365</tly>
          <brx>1223</brx>
          <bry>1460</bry>
          <value></value>
          <label></label>
        </box>
        <box>
          <tlx>1225</tlx>
          <tly>1365</tly>
          <brx>1296</brx>
          <bry>1460</bry>
          <value></value>
          <label></label>
        </box>
        <box>
          <tlx>1297</tlx>
          <tly>1365</tly>
          <brx>1368</brx>
          <bry>1460</bry>
          <value></value>
          <label></label>
        </box>
        <box>
          <tlx>1370</tlx>
          <tly>1365</tly>
          <brx>1441</brx>
          <bry>1460</bry>
          <value></value>
          <label></label>
        </box>
        <box>
          <tlx>1443</tlx>
          <tly>1365</tly>
          <brx>1514</brx>
          <bry>1460</bry>
          <value></value>
          <label></label>
        </box>
        <box>
          <tlx>1515</tlx>
          <tly>1365</tly>
          <brx>1586</brx>
          <bry>1460</bry>
          <value></value>
          <label></label>
        </box>
        <box>
          <tlx>1588</tlx>
          <tly>1365</tly>
          <brx>1659</brx>
          <bry>1460</bry>
          <value></value>
          <label></label>
        </box>
        <box>
          <tlx>1661</tlx>
          <tly>1365</tly>
          <brx>1731</brx>
          <bry>1460</bry>
          <value></value>
          <label></label>
        </box>
        <box>
          <tlx>1733</tlx>
          <tly>1365</tly>
          <brx>1804</brx>
          <bry>1460</bry>
          <value></value>
          <label></label>
        </box>
        <box>
          <tlx>1806</tlx>
          <tly>1365</tly>
          <brx>1877</brx>
          <bry>1460</bry>
          <value></value>
          <label></label>
        </box>
        <box>
          <tlx>1879</tlx>
          <tly>1365</tly>
          <brx>1949</brx>
          <bry>1460</bry>
          <value></value>
          <label></label>
        </box>
        <box>
          <tlx>1951</tlx>
          <tly>1365</tly>
          <brx>2022</brx>
          <bry>1460</bry>
          <value></value>
          <label></label>
        </box>
        <box>
          <tlx>2024</tlx>
          <tly>1365</tly>
          <brx>2095</brx>
          <bry>1460</bry>
          <value></value>
          <label></label>
        </box>
      </boxgroup>
      <boxgroup>
        <type>6</type>
        <width>1024</width>
        <varname>q2history</varname>
        <sortorder>22</sortorder>
        <label>Comment history</label>
        <groupsection idref="3"/>
        <box>
          <tlx>337</tlx>
          <tly>1558</tly>
          <brx>2073</brx>
          <bry>2502</bry>
          <value></value>
          <label></label>
        </box>
      </boxgroup>
      <boxgroup>
        <type>6</type>
        <width>1024</width>
        <varname>q2researchercomment</varname>
        <sortorder>23</sortorder>
        <label>RESEARCHER: Comment on answer to question '&lt;em&gt;{q2researcher.question}&lt;/em&gt;':&#xD;
&#xD;
&#xD;
  $(document).ready(function()&#xD;
&#xD;
  {&#xD;
     var user = '{user.shown}';&#xD;
     if(user == '1')&#xD;
     {&#xD;
        &#xD;
     }&#xD;
else&#xD;
{&#xD;
   $('#question{self.qid}').hide();&#xD;
}&#xD;
&#xD;
  });</label>
        <groupsection idref="3"/>
        <box>
          <tlx>337</tlx>
          <tly>2764</tly>
          <brx>2073</brx>
          <bry>3237</bry>
          <value></value>
          <label></label>
        </box>
      </boxgroup>
    </page>
    <page>
      <id>98196607</id>
      <tlx>168</tlx>
      <tly>168</tly>
      <trx>2312</trx>
      <try>168</try>
      <brx>2312</brx>
      <bry>3340</bry>
      <blx>168</blx>
      <bly>3340</bly>
      <rotation>0</rotation>
      <boxgroup>
        <type>6</type>
        <width>1024</width>
        <varname>q2reviewercomment</varname>
        <sortorder>24</sortorder>
        <label>REVIEWER: Comment on answer to question '&lt;em&gt;{q2researcher.question}&lt;/em&gt;': &#xD;
&#xD;
  $(document).ready(function()&#xD;
&#xD;
  {&#xD;
     var user = '{user.shown}';&#xD;
     if(user == '2')&#xD;
     {&#xD;
        $('#question{self.qid}').show();&#xD;
     }&#xD;
else&#xD;
{&#xD;
   $('#question{self.qid}').hide();&#xD;
}&#xD;
&#xD;
  });</label>
        <groupsection idref="3"/>
        <box>
          <tlx>337</tlx>
          <tly>421</tly>
          <brx>2073</brx>
          <bry>894</bry>
          <value></value>
          <label></label>
        </box>
      </boxgroup>
      <boxgroup>
        <type>6</type>
        <width>1024</width>
        <varname>q2supervisorcomment</varname>
        <sortorder>25</sortorder>
        <label>SUPERVISOR: Comment on answer to question '&lt;em&gt;{q2researcher.question}&lt;/em&gt;': &#xD;
&#xD;
  $(document).ready(function()&#xD;
&#xD;
  {&#xD;
     var user = '{user.shown}';&#xD;
     if(user == '3')&#xD;
     {&#xD;
        $('#question{self.qid}').show();&#xD;
     }&#xD;
else&#xD;
{&#xD;
   $('#question{self.qid}').hide();&#xD;
}&#xD;
&#xD;
  });</label>
        <groupsection idref="3"/>
        <box>
          <tlx>337</tlx>
          <tly>1156</tly>
          <brx>2073</brx>
          <bry>1628</bry>
          <value></value>
          <label></label>
        </box>
      </boxgroup>
      <boxgroup>
        <type>6</type>
        <width>1024</width>
        <varname>q2researchernote</varname>
        <sortorder>26</sortorder>
        <label>RESEARCHER: Your notes for question '&lt;em&gt;{q2researcher.question}&lt;/em&gt;':&#xD;
&#xD;
&#xD;
  $(document).ready(function()&#xD;
&#xD;
  {&#xD;
     var user = '{user.shown}';&#xD;
     if(user == '1')&#xD;
     {&#xD;
        $('#question{self.qid}').show();&#xD;
     }&#xD;
else&#xD;
{&#xD;
   $('#question{self.qid}').hide();&#xD;
}&#xD;
&#xD;
  });</label>
        <groupsection idref="3"/>
        <box>
          <tlx>337</tlx>
          <tly>1890</tly>
          <brx>2073</brx>
          <bry>2362</bry>
          <value></value>
          <label></label>
        </box>
      </boxgroup>
      <boxgroup>
        <type>6</type>
        <width>1024</width>
        <varname>q2reviewernote</varname>
        <sortorder>27</sortorder>
        <label>REVIEWER: Your notes for question '&lt;em&gt;{q2researcher.question}&lt;/em&gt;':&#xD;
&#xD;
&#xD;
  $(document).ready(function()&#xD;
&#xD;
  {&#xD;
     var user = '{user.shown}';&#xD;
     if(user == '2')&#xD;
     {&#xD;
        $('#question{self.qid}').show();&#xD;
     }&#xD;
else&#xD;
{&#xD;
   $('#question{self.qid}').hide();&#xD;
}&#xD;
&#xD;
  });</label>
        <groupsection idref="3"/>
        <box>
          <tlx>337</tlx>
          <tly>2624</tly>
          <brx>2073</brx>
          <bry>3096</bry>
          <value></value>
          <label></label>
        </box>
      </boxgroup>
    </page>
    <page>
      <id>98196608</id>
      <tlx>168</tlx>
      <tly>168</tly>
      <trx>2312</trx>
      <try>168</try>
      <brx>2312</brx>
      <bry>3340</bry>
      <blx>168</blx>
      <bly>3340</bly>
      <rotation>0</rotation>
      <boxgroup>
        <type>6</type>
        <width>1024</width>
        <varname>q2supervisornote</varname>
        <sortorder>28</sortorder>
        <label>SUPERVISOR: Your notes for question '&lt;em&gt;{q2researcher.question}&lt;/em&gt;':&#xD;
&#xD;
&#xD;
  $(document).ready(function()&#xD;
&#xD;
  {&#xD;
     var user = '{user.shown}';&#xD;
     if(user == '3')&#xD;
     {&#xD;
        $('#question{self.qid}').show();&#xD;
     }&#xD;
else&#xD;
{&#xD;
   $('#question{self.qid}').hide();&#xD;
}&#xD;
&#xD;
  });</label>
        <groupsection idref="3"/>
        <box>
          <tlx>337</tlx>
          <tly>421</tly>
          <brx>2073</brx>
          <bry>894</bry>
          <value></value>
          <label></label>
        </box>
      </boxgroup>
    </page>
  </questionnaire>
</queXF>
